first_name,last_name
Bert,Jakel
Mallory,Darling
Kelsey,Malek
Elaina,Brogi
Kissie,Vokes
Kynthia,Greated
Catrina,Huckel
Kaitlyn,McMoyer
Jeffy,Bettis
Alfonso,Pancost
Lorenza,Coultar
Kim,Prenty
Lena,Krelle
Joly,Osment
Niko,Carsey
Doria,Flicker
Stanly,Espinos
Salvador,Howett
Isaiah,Polino
Bax,Vittori
Brucie,Alflatt
Rudolfo,Kettel
Fabio,Lockley
Sig,Ambrozik
Tymon,Lambin
Rori,Lamar
Meade,Rumsey
Geraldine,Moberley
Bartholomew,Earengey
Ferdinande,Falco
Ancell,Jacobowits
Bertha,Magnus
Gregorius,Lissimore
Missie,Boich
Stinky,Dominick
Richart,Kealy
Adelina,Penswick
Jeromy,Melbourn
Ker,Kubicki
Normand,Fairfoot
Vasilis,Piccop
Adlai,Maryet
Ellie,Treffrey
Ruy,Furmonger
Zedekiah,Patullo
Peri,Gherardesci
Fabe,Bridgewater
Cordelia,Ashingden
Faulkner,Kirkness
Jacqui,Hussy
Florinda,La Rosa
Biron,Lett
Maddi,Guitton
Andrea,Lansdown
Fredia,Sircombe
Vivian,Debney
Elianora,Rolls
Perla,McCrostie
Packston,Rapaport
Adrien,Gatty
Bondy,Keady
Con,Kleingrub
Emelen,Bowmen
Sharai,Moorhead
Kean,Wolpert
Aubrey,Linnard
Elisabet,Coopper
Keenan,Samwyse
Mikael,Coleborn
Zenia,Rivalant
Gwenora,Wing
Collin,Boother
Kalvin,Klimmek
Victoria,Siderfin
Madalena,Miliffe
Frank,Farfull
Algernon,Bazire
Wolfgang,Antoniades
Bridgette,Oles
Lindie,Onge
Brody,Pane
Mohandas,Billett
Doralynn,McKellar
Idell,O'Breen
Mathe,Winnett
Demetri,Pitrelli
Ramon,Bondley
Babita,Spini
Cornall,Thurborn
Corbet,Slisby
Wye,Slyde
Winston,Oakenfull
Danya,Phipson
Aline,Cheshire
Jordain,Adds
Even,Catterill
Baxter,Aiton
Rheta,Howlett
Latia,Goodlad
Wilbur,Wittier
